month,category,Volume
2025-02-01 00:00:00,Companies,625150
2025-08-01 00:00:00,Elections,1936913
2025-07-01 00:00:00,Sports,541708158
2026-03-01 00:00:00,Sports,9618983204.43
2025-11-01 00:00:00,Companies,6429762
2022-07-01 00:00:00,Health,256448
2022-09-01 00:00:00,Climate and Weather,1021570
2024-12-01 00:00:00,Elections,27867220
2025-07-01 00:00:00,Education,3002
2025-04-01 00:00:00,Education,530
2024-04-01 00:00:00,Companies,415126
2025-06-01 00:00:00,Financials,14864175
2022-04-01 00:00:00,Financials,552535
2023-12-01 00:00:00,World,10523
2023-09-01 00:00:00,Science and Technology,26492
2024-11-01 00:00:00,Elections,432862837
2023-09-01 00:00:00,Entertainment,265984
2024-06-01 00:00:00,World,20695
2022-06-01 00:00:00,Science and Technology,4956
2024-04-01 00:00:00,Transportation,50710
2024-10-01 00:00:00,Companies,230040
2025-04-01 00:00:00,Social,1677
2022-02-01 00:00:00,Climate and Weather,397141
2023-02-01 00:00:00,Entertainment,149589
2025-05-01 00:00:00,World,7647103
2025-04-01 00:00:00,Sports,296795472
2025-06-01 00:00:00,Crypto,37370066
2022-06-01 00:00:00,Transportation,31001
2022-09-01 00:00:00,Financials,5147004
2022-12-01 00:00:00,Science and Technology,1913
2025-07-01 00:00:00,Social,688637
2022-06-01 00:00:00,Health,203789
2023-02-01 00:00:00,Health,10840
2025-03-01 00:00:00,Economics,6548988
2025-01-01 00:00:00,World,80923
2021-07-01 00:00:00,World,67010
2023-01-01 00:00:00,Transportation,20884
2025-09-01 00:00:00,Elections,3143597
2022-12-01 00:00:00,Transportation,39682
2025-11-01 00:00:00,Transportation,220244
2023-02-01 00:00:00,Economics,1095065
2023-01-01 00:00:00,Entertainment,66266
2024-04-01 00:00:00,World,13761
2025-10-01 00:00:00,Mentions,15056193
2024-12-01 00:00:00,Companies,1191644
2026-03-01 00:00:00,World,2221397
2022-01-01 00:00:00,Economics,321011
2025-03-01 00:00:00,Climate and Weather,15674396
2025-12-01 00:00:00,Economics,42303493
2023-03-01 00:00:00,Health,4915
2023-12-01 00:00:00,Climate and Weather,508436
2024-12-01 00:00:00,Politics,63058824
2025-05-01 00:00:00,Crypto,29663778
2025-11-01 00:00:00,Crypto,128908858
2022-01-01 00:00:00,Entertainment,414203
2022-06-01 00:00:00,Entertainment,2914
2023-08-01 00:00:00,Climate and Weather,634101
2023-10-01 00:00:00,Politics,688028
2025-10-01 00:00:00,Education,671
2025-02-01 00:00:00,Social,0
2026-04-01 00:00:00,Elections,21792119.25
2022-01-01 00:00:00,Transportation,62235
2023-07-01 00:00:00,Economics,1735164
2022-04-01 00:00:00,Entertainment,145812
2023-02-01 00:00:00,Financials,2996407
2024-08-01 00:00:00,Crypto,1754792
2025-02-01 00:00:00,Entertainment,32518860
2024-06-01 00:00:00,Companies,229731
2025-09-01 00:00:00,Sports,2561537071
2025-11-01 00:00:00,Economics,26395286
2026-04-01 00:00:00,Social,2663235.9700000007
2022-07-01 00:00:00,World,29519
2025-07-01 00:00:00,Elections,1725347
2023-05-01 00:00:00,Companies,5031
2024-08-01 00:00:00,Science and Technology,78021
2025-08-01 00:00:00,Social,1353176
2022-05-01 00:00:00,Health,368540
2024-05-01 00:00:00,Politics,385651
2024-07-01 00:00:00,Transportation,113829
2025-09-01 00:00:00,Companies,2036827
2023-12-01 00:00:00,Companies,41007
2024-12-01 00:00:00,Sports,409
2023-07-01 00:00:00,Science and Technology,6154
2023-11-01 00:00:00,Science and Technology,42120
2025-10-01 00:00:00,Crypto,124973020
2025-01-01 00:00:00,Science and Technology,1441203
2022-08-01 00:00:00,Financials,6312005
2023-04-01 00:00:00,Financials,8859594
2025-07-01 00:00:00,Entertainment,10172014
2025-05-01 00:00:00,Health,90114
2025-04-01 00:00:00,Entertainment,7841298
2022-02-01 00:00:00,Politics,565950
2022-09-01 00:00:00,Health,101165
2025-06-01 00:00:00,Economics,45676702
2024-02-01 00:00:00,World,25082
2024-10-01 00:00:00,World,4587
2026-02-01 00:00:00,Sports,8439936296
2023-11-01 00:00:00,Transportation,20503
2021-12-01 00:00:00,Climate and Weather,555727
2024-12-01 00:00:00,Science and Technology,2819459
2022-10-01 00:00:00,Politics,445207
2023-12-01 00:00:00,Science and Technology,36841
2025-09-01 00:00:00,Entertainment,19791939
2021-10-01 00:00:00,Science and Technology,16154
2023-01-01 00:00:00,Science and Technology,2699
2023-01-01 00:00:00,World,3
2024-04-01 00:00:00,Economics,3915739
2025-05-01 00:00:00,Science and Technology,1618792
2025-03-01 00:00:00,Mentions,1552762
2026-04-01 00:00:00,Companies,6011504.49
2024-03-01 00:00:00,Crypto,218060
2024-10-01 00:00:00,Economics,2145825
2024-10-01 00:00:00,Politics,204072229
2025-04-01 00:00:00,Companies,1046855
2026-03-01 00:00:00,Unknown,415112169.79
2022-02-01 00:00:00,World,32568
2024-01-01 00:00:00,Climate and Weather,947189
2023-11-01 00:00:00,Companies,118412
2024-12-01 00:00:00,Entertainment,19243398
2026-01-01 00:00:00,Social,1876192
2023-05-01 00:00:00,Entertainment,0
2023-05-01 00:00:00,Transportation,5201
2024-06-01 00:00:00,Science and Technology,60759
2024-11-01 00:00:00,Transportation,1505
2021-08-01 00:00:00,Economics,115337
2025-05-01 00:00:00,Entertainment,7659045
2025-03-01 00:00:00,Politics,32953860
2024-04-01 00:00:00,Politics,254863
2025-03-01 00:00:00,Social,0
2025-08-01 00:00:00,Crypto,97474029
2025-07-01 00:00:00,Science and Technology,1665496
2026-01-01 00:00:00,Health,392392
2022-01-01 00:00:00,Climate and Weather,642955
2022-06-01 00:00:00,Climate and Weather,1105518
2023-06-01 00:00:00,Economics,1811401
2023-07-01 00:00:00,Politics,154861
2024-04-01 00:00:00,Health,21866
2024-05-01 00:00:00,Entertainment,1726101
2024-06-01 00:00:00,Crypto,2465862
2025-05-01 00:00:00,Financials,22573916
2023-05-01 00:00:00,Financials,14826852
2023-04-01 00:00:00,Politics,219905
2024-12-01 00:00:00,Climate and Weather,34023818
2023-07-01 00:00:00,Climate and Weather,583080
2025-10-01 00:00:00,Financials,28991569
2025-04-01 00:00:00,Economics,51729768
2026-04-01 00:00:00,Entertainment,30115248.99999989
2022-03-01 00:00:00,Economics,980818
2024-12-01 00:00:00,Crypto,65918189
2025-02-01 00:00:00,Health,567593
2025-07-01 00:00:00,Politics,34883881
2025-03-01 00:00:00,Health,204955
2024-11-01 00:00:00,Climate and Weather,40670394
2025-01-01 00:00:00,Economics,4021710
2022-09-01 00:00:00,Science and Technology,8831
2023-08-01 00:00:00,Science and Technology,206063
2025-08-01 00:00:00,Science and Technology,2875403
2025-07-01 00:00:00,Mentions,327151
2022-01-01 00:00:00,Financials,9769
2024-06-01 00:00:00,Climate and Weather,1534820
2025-11-01 00:00:00,Entertainment,58163211
2026-03-01 00:00:00,Mentions,92817815
2021-07-01 00:00:00,Health,100912
2025-08-01 00:00:00,World,437800
2024-01-01 00:00:00,Transportation,92559
2024-07-01 00:00:00,Financials,17823343
2022-12-01 00:00:00,Climate and Weather,746449
2023-05-01 00:00:00,Climate and Weather,348293
2026-03-01 00:00:00,Economics,71290313.62
2021-09-01 00:00:00,Politics,202952
2022-03-01 00:00:00,Transportation,36331
2022-12-01 00:00:00,Financials,3672362
2025-12-01 00:00:00,Transportation,218237
2024-10-01 00:00:00,Health,48905
2025-05-01 00:00:00,Climate and Weather,11227779
2023-04-01 00:00:00,Health,4149
2026-04-01 00:00:00,Climate and Weather,58378161.229999974
2022-12-01 00:00:00,Entertainment,0
2023-03-01 00:00:00,Politics,160250
2023-12-01 00:00:00,Entertainment,233299
2023-10-01 00:00:00,Economics,1027752
2023-09-01 00:00:00,Transportation,40722
2024-05-01 00:00:00,Financials,20982227
2024-05-01 00:00:00,Climate and Weather,1070401
2023-08-01 00:00:00,Financials,13678167
2022-05-01 00:00:00,Financials,5055751
2025-11-01 00:00:00,Climate and Weather,23443383
2022-05-01 00:00:00,Climate and Weather,764310
2026-04-01 00:00:00,Science and Technology,9807905.969999997
2023-10-01 00:00:00,Entertainment,81366
2024-09-01 00:00:00,Climate and Weather,1842935
2025-02-01 00:00:00,Education,4393
2025-06-01 00:00:00,Social,388629
2026-01-01 00:00:00,Companies,15264205
2025-04-01 00:00:00,Science and Technology,1428086
2026-04-01 00:00:00,Politics,154663001.9099998
2021-07-01 00:00:00,Economics,38687
2023-08-01 00:00:00,Companies,2317
2024-09-01 00:00:00,Financials,10487319
2022-03-01 00:00:00,Climate and Weather,400783
2022-12-01 00:00:00,Economics,1226840
2023-11-01 00:00:00,Entertainment,52938
2025-05-01 00:00:00,Sports,509296880
2026-04-01 00:00:00,Mentions,58905242.02999994
2025-11-01 00:00:00,Social,2969691
2026-03-01 00:00:00,Entertainment,99030669.49
2021-09-01 00:00:00,Entertainment,1484
2022-05-01 00:00:00,Politics,648862
2025-09-01 00:00:00,World,299250
2022-05-01 00:00:00,World,133644
2023-04-01 00:00:00,Economics,1796212
2025-06-01 00:00:00,Mentions,938927
2022-02-01 00:00:00,Transportation,38820
2024-09-01 00:00:00,Crypto,1931287
2021-11-01 00:00:00,Economics,149787
2022-10-01 00:00:00,World,4466
2025-10-01 00:00:00,World,763137
2025-01-01 00:00:00,Social,0
2026-02-01 00:00:00,Elections,15359747
2024-01-01 00:00:00,Politics,477491
2024-07-01 00:00:00,World,9482
2022-08-01 00:00:00,Economics,1576303
2025-07-01 00:00:00,Companies,3987269
2022-02-01 00:00:00,Financials,53303
2022-08-01 00:00:00,Transportation,155759
2024-11-01 00:00:00,Science and Technology,1391736
2025-12-01 00:00:00,Sports,5997142340
2025-12-01 00:00:00,Mentions,63943966
2021-10-01 00:00:00,Entertainment,20895
2023-02-01 00:00:00,Politics,108059
2023-09-01 00:00:00,Health,43962
2024-12-01 00:00:00,World,59610
2024-02-01 00:00:00,Science and Technology,26899
2025-12-01 00:00:00,Crypto,184716696
2026-03-01 00:00:00,Financials,40348110
2022-07-01 00:00:00,Entertainment,0
2024-05-01 00:00:00,Transportation,72233
2025-04-01 00:00:00,Climate and Weather,10726535
2025-04-01 00:00:00,Financials,16058892
2025-11-01 00:00:00,Science and Technology,10957523
2024-02-01 00:00:00,Health,14599
2021-11-01 00:00:00,World,44489
2021-12-01 00:00:00,World,75582
2022-03-01 00:00:00,Politics,216156
2022-04-01 00:00:00,Transportation,24023
2023-03-01 00:00:00,Financials,7335411
2022-01-01 00:00:00,Science and Technology,42894
2023-08-01 00:00:00,Transportation,18102
2022-03-01 00:00:00,Financials,30186
2022-09-01 00:00:00,Politics,551538
2023-07-01 00:00:00,Entertainment,93065
2023-09-01 00:00:00,Economics,1329422
2024-03-01 00:00:00,Science and Technology,92456
2026-02-01 00:00:00,Mentions,99781541
2025-12-01 00:00:00,Financials,26813390
2023-05-01 00:00:00,Politics,1378746
2024-11-01 00:00:00,Health,185457
2025-08-01 00:00:00,Health,145193
2023-05-01 00:00:00,Economics,2394879
2023-03-01 00:00:00,Transportation,57471
2023-12-01 00:00:00,Politics,423756
2024-10-01 00:00:00,Science and Technology,184436
2024-08-01 00:00:00,World,6090
2025-06-01 00:00:00,Climate and Weather,12404785
2025-03-01 00:00:00,Financials,6661309
2022-06-01 00:00:00,Financials,5562993
2022-11-01 00:00:00,World,10600
2025-09-01 00:00:00,Climate and Weather,14362548
2025-06-01 00:00:00,Transportation,6248
2021-12-01 00:00:00,Politics,552221
2022-08-01 00:00:00,Politics,939118
2023-04-01 00:00:00,Climate and Weather,601883
2024-12-01 00:00:00,Social,18
2023-03-01 00:00:00,Science and Technology,1878
2024-07-01 00:00:00,Crypto,1831618
2024-06-01 00:00:00,Politics,1005197
2025-12-01 00:00:00,Climate and Weather,55647149
2026-03-01 00:00:00,Crypto,1192069651.2400002
2022-04-01 00:00:00,Health,315500
2025-09-01 00:00:00,Economics,87800230
2025-11-01 00:00:00,Sports,5258490290
2021-11-01 00:00:00,Entertainment,49802
2021-10-01 00:00:00,Health,228077
2022-04-01 00:00:00,Climate and Weather,537458
2022-08-01 00:00:00,Entertainment,0
2023-01-01 00:00:00,Health,48894
2025-01-01 00:00:00,Transportation,140
2021-08-01 00:00:00,Climate and Weather,593518
2023-11-01 00:00:00,Economics,2188517
2025-05-01 00:00:00,Social,46
2026-01-01 00:00:00,Crypto,343437958
2023-11-01 00:00:00,World,730
2024-10-01 00:00:00,Transportation,31834
2024-07-01 00:00:00,Climate and Weather,1828179
2022-11-01 00:00:00,Financials,3965481
2024-09-01 00:00:00,World,10194
2025-03-01 00:00:00,Elections,675738
2023-12-01 00:00:00,Economics,1563449
2024-04-01 00:00:00,Science and Technology,154992
2024-12-01 00:00:00,Economics,4653871
2025-09-01 00:00:00,Financials,21260544
2025-03-01 00:00:00,Science and Technology,2953012
2026-04-01 00:00:00,Health,260199
2022-11-01 00:00:00,Climate and Weather,959157
2026-02-01 00:00:00,Politics,347630190
2025-11-01 00:00:00,Mentions,26912366
2023-08-01 00:00:00,Health,25120
2026-01-01 00:00:00,Unknown,987981
2023-10-01 00:00:00,Financials,23579400
2024-07-01 00:00:00,Economics,4673160
2022-06-01 00:00:00,Economics,1789508
2023-06-01 00:00:00,Financials,18055798
2026-01-01 00:00:00,Transportation,1941
2022-11-01 00:00:00,Transportation,90494
2024-08-01 00:00:00,Entertainment,1163879
2025-01-01 00:00:00,Politics,80894379
2025-12-01 00:00:00,World,1617938
2026-02-01 00:00:00,Education,0
2023-03-01 00:00:00,Climate and Weather,598828
2022-02-01 00:00:00,Health,538788
2025-12-01 00:00:00,Social,1434686
2024-07-01 00:00:00,Health,35155
2025-02-01 00:00:00,Crypto,36912898
2025-01-01 00:00:00,Climate and Weather,22331756
2026-02-01 00:00:00,Health,178391
2023-10-01 00:00:00,Climate and Weather,584292
2024-04-01 00:00:00,Financials,25178452
2025-08-01 00:00:00,Mentions,1698887
2025-01-01 00:00:00,Financials,4231616
2025-09-01 00:00:00,Crypto,99093568
2026-01-01 00:00:00,Mentions,117490054
2022-11-01 00:00:00,Economics,1383101
2024-05-01 00:00:00,Crypto,1147750
2025-02-01 00:00:00,Politics,43916508
2022-08-01 00:00:00,Health,220865
2023-07-01 00:00:00,Health,4239
2024-06-01 00:00:00,Health,34367
2022-10-01 00:00:00,Climate and Weather,758918
2025-04-01 00:00:00,World,3744543
2026-04-01 00:00:00,Crypto,1199968016.9400017
2023-12-01 00:00:00,Health,15089
2023-08-01 00:00:00,Politics,296422
2024-06-01 00:00:00,Entertainment,1694008
2025-07-01 00:00:00,Health,168405
2025-01-01 00:00:00,Companies,3829808
2026-03-01 00:00:00,Science and Technology,8783654.68
2021-10-01 00:00:00,World,48172
2024-09-01 00:00:00,Economics,4964535
2025-02-01 00:00:00,Mentions,951668
2025-06-01 00:00:00,Elections,2872301
2022-10-01 00:00:00,Financials,4995621
2024-07-01 00:00:00,Entertainment,1486548
2025-08-01 00:00:00,Economics,40936388
2025-06-01 00:00:00,Companies,669327
2026-02-01 00:00:00,Science and Technology,25652490
2021-07-01 00:00:00,Climate and Weather,92616
2021-11-01 00:00:00,Climate and Weather,455107
2022-04-01 00:00:00,Politics,272817
2022-07-01 00:00:00,Economics,2247643
2025-01-01 00:00:00,Elections,1836536
2024-12-01 00:00:00,Health,374017
2023-04-01 00:00:00,Entertainment,0
2025-11-01 00:00:00,Financials,26128240
2021-09-01 00:00:00,Health,246173
2026-04-01 00:00:00,Financials,46269114.13000003
2021-07-01 00:00:00,Politics,4110
2026-02-01 00:00:00,Unknown,107185595
2025-12-01 00:00:00,Companies,9988109
2026-01-01 00:00:00,Politics,280319606
2021-08-01 00:00:00,Transportation,211843
2022-02-01 00:00:00,Science and Technology,4104
2023-06-01 00:00:00,Science and Technology,11390
2025-12-01 00:00:00,Elections,5936409
2022-07-01 00:00:00,Transportation,135352
2024-01-01 00:00:00,Companies,83477
2022-01-01 00:00:00,World,68152
2024-11-01 00:00:00,World,11685
2024-08-01 00:00:00,Financials,13177473
2024-09-01 00:00:00,Entertainment,933540
2025-02-01 00:00:00,Elections,1191119
2021-12-01 00:00:00,Science and Technology,46455
2025-06-01 00:00:00,Education,545
2022-07-01 00:00:00,Climate and Weather,702525
2024-10-01 00:00:00,Elections,59436426
2025-03-01 00:00:00,Education,735
2026-01-01 00:00:00,Elections,7157026
2024-01-01 00:00:00,Science and Technology,62374
2023-07-01 00:00:00,Transportation,17020
2025-05-01 00:00:00,Companies,1115714
2021-12-01 00:00:00,Health,1331648
2024-02-01 00:00:00,Climate and Weather,1039769
2021-08-01 00:00:00,Politics,38477
2023-09-01 00:00:00,Politics,545481
2025-09-01 00:00:00,Social,1852726
2026-03-01 00:00:00,Exotics,1229908920
2023-02-01 00:00:00,Science and Technology,1116
2024-01-01 00:00:00,Health,9033
2025-04-01 00:00:00,Crypto,31410309
2026-01-01 00:00:00,Education,0
2022-04-01 00:00:00,World,176693
2022-07-01 00:00:00,Financials,4335534
2023-11-01 00:00:00,Climate and Weather,578118
2023-12-01 00:00:00,Transportation,10328
2024-06-01 00:00:00,Transportation,75961
2025-10-01 00:00:00,Science and Technology,4737717
2025-06-01 00:00:00,Politics,37684733
2023-07-01 00:00:00,Companies,932
2026-01-01 00:00:00,Entertainment,64267988
2026-02-01 00:00:00,Companies,90385166
2022-11-01 00:00:00,Entertainment,0
2023-06-01 00:00:00,Entertainment,1732
2024-03-01 00:00:00,Companies,344243
2025-02-01 00:00:00,Financials,6717821
2024-03-01 00:00:00,Financials,23550325
2022-12-01 00:00:00,Health,73426
2024-07-01 00:00:00,Politics,879427
2024-09-01 00:00:00,Science and Technology,74665
2026-03-01 00:00:00,Transportation,223
2024-01-01 00:00:00,World,32923
2024-06-01 00:00:00,Economics,3952623
2024-10-01 00:00:00,Crypto,3942011
2024-08-01 00:00:00,Politics,812986
2021-06-01 00:00:00,Economics,5
2021-11-01 00:00:00,Politics,853421
2021-12-01 00:00:00,Economics,184571
2023-10-01 00:00:00,Science and Technology,14650
2024-03-01 00:00:00,Climate and Weather,1012694
2024-09-01 00:00:00,Companies,142078
2025-08-01 00:00:00,Entertainment,15105810
2026-02-01 00:00:00,World,1197498
2021-09-01 00:00:00,Transportation,145267
2025-07-01 00:00:00,Climate and Weather,12988978
2026-03-01 00:00:00,Companies,17498297.34
2024-05-01 00:00:00,Science and Technology,97733
2024-11-01 00:00:00,Entertainment,12415515
2025-05-01 00:00:00,Education,787
2026-02-01 00:00:00,Economics,36199520
2024-05-01 00:00:00,Companies,244446
2025-10-01 00:00:00,Politics,123958621
2024-09-01 00:00:00,Transportation,48341
2025-09-01 00:00:00,Politics,43906169
2023-10-01 00:00:00,Transportation,69553
2025-07-01 00:00:00,Financials,10958376
2025-06-01 00:00:00,Sports,619821918
2025-03-01 00:00:00,Entertainment,15902894
2026-01-01 00:00:00,Science and Technology,9734106
2022-07-01 00:00:00,Science and Technology,5904
2024-02-01 00:00:00,Transportation,33222
2025-10-01 00:00:00,Economics,48077029
2025-02-01 00:00:00,Climate and Weather,19284994
2022-03-01 00:00:00,World,36800
2023-11-01 00:00:00,Politics,413346
2024-04-01 00:00:00,Crypto,733335
2024-04-01 00:00:00,Climate and Weather,1025529
2025-10-01 00:00:00,Health,269795
2024-08-01 00:00:00,Health,39292
2022-09-01 00:00:00,Entertainment,0
2025-04-01 00:00:00,Elections,2567134
2022-03-01 00:00:00,Science and Technology,4104
2025-10-01 00:00:00,Transportation,37556
2024-12-01 00:00:00,Financials,6769913
2025-09-01 00:00:00,Transportation,47590
2022-10-01 00:00:00,Transportation,24803
2025-12-01 00:00:00,Health,1879262
2025-11-01 00:00:00,Politics,184015277
2026-03-01 00:00:00,Politics,160628750
2022-08-01 00:00:00,Climate and Weather,1044796
2023-06-01 00:00:00,Transportation,4818
2021-12-01 00:00:00,Transportation,99128
2023-12-01 00:00:00,Financials,11356339
2023-08-01 00:00:00,Economics,1428892
2025-05-01 00:00:00,Elections,4774145
2021-09-01 00:00:00,World,155099
2021-10-01 00:00:00,Climate and Weather,392564
2023-02-01 00:00:00,Climate and Weather,492685
2024-06-01 00:00:00,Financials,19535202
2024-08-01 00:00:00,Transportation,55071
2025-09-01 00:00:00,Science and Technology,3445918
2026-04-01 00:00:00,Exotics,1164567534.47
2024-03-01 00:00:00,Entertainment,961676
2024-08-01 00:00:00,Companies,138312
2025-04-01 00:00:00,Health,120592
2025-01-01 00:00:00,Health,139451
2022-02-01 00:00:00,Economics,581367
2022-01-01 00:00:00,Politics,363984
2025-10-01 00:00:00,Companies,6010210
2024-07-01 00:00:00,Science and Technology,69655
2024-07-01 00:00:00,Companies,201387
2026-02-01 00:00:00,Crypto,786959033
2025-11-01 00:00:00,Elections,54763276
2022-05-01 00:00:00,Entertainment,14686
2022-10-01 00:00:00,Health,107097
2023-06-01 00:00:00,Health,2726
2025-10-01 00:00:00,Sports,3954805145
2025-09-01 00:00:00,Mentions,4854628
2026-01-01 00:00:00,World,1974651
2024-09-01 00:00:00,Politics,1020152
2021-08-01 00:00:00,Health,377216
2023-04-01 00:00:00,Companies,3905
2024-03-01 00:00:00,Economics,3590993
2025-03-01 00:00:00,Companies,1108403
2026-04-01 00:00:00,World,1946985.4299999997
2021-07-01 00:00:00,Transportation,44444
2024-12-01 00:00:00,Transportation,153973
2025-08-01 00:00:00,Sports,657602488
2025-01-01 00:00:00,Mentions,22124
2026-03-01 00:00:00,Education,0
2024-05-01 00:00:00,Economics,4334915
2025-06-01 00:00:00,Health,90528
2022-09-01 00:00:00,Transportation,18367
2025-08-01 00:00:00,Climate and Weather,14348033
2021-11-01 00:00:00,Transportation,132297
2026-02-01 00:00:00,Financials,23983373
2022-06-01 00:00:00,World,164971
2025-08-01 00:00:00,Education,3311
2025-01-01 00:00:00,Crypto,31330149
2022-10-01 00:00:00,Science and Technology,2352
2022-03-01 00:00:00,Health,367250
2022-05-01 00:00:00,Science and Technology,2840
2024-03-01 00:00:00,World,20537
2025-03-01 00:00:00,Sports,405885156
2022-07-01 00:00:00,Politics,472144
2023-11-01 00:00:00,Financials,16644413
2023-03-01 00:00:00,Economics,2177228
2024-03-01 00:00:00,Health,13953
2025-12-01 00:00:00,Entertainment,83256830
2025-11-01 00:00:00,World,1473848
2025-08-01 00:00:00,Financials,13061895
2025-12-01 00:00:00,Politics,85484056
2021-11-01 00:00:00,Science and Technology,84509
2023-01-01 00:00:00,Financials,2535368
2023-05-01 00:00:00,Science and Technology,9355
2025-05-01 00:00:00,Transportation,73197
2026-02-01 00:00:00,Transportation,126
2024-05-01 00:00:00,World,7977
2024-02-01 00:00:00,Politics,269454
2025-06-01 00:00:00,Entertainment,6790724
2026-01-01 00:00:00,Economics,52065059
2025-02-01 00:00:00,Economics,3522424
2022-03-01 00:00:00,Entertainment,407989
2022-04-01 00:00:00,Economics,903315
2024-03-01 00:00:00,Politics,347072
2021-09-01 00:00:00,Economics,81858
2022-12-01 00:00:00,World,1747
2022-11-01 00:00:00,Politics,408142
2022-11-01 00:00:00,Health,116359
2026-01-01 00:00:00,Financials,27021959
2023-11-01 00:00:00,Health,11189
2024-10-01 00:00:00,Financials,5608502
2022-02-01 00:00:00,Entertainment,182585
2022-09-01 00:00:00,Economics,1823406
2024-01-01 00:00:00,Financials,12504435
2025-10-01 00:00:00,Entertainment,40719382
2025-08-01 00:00:00,Politics,24947125
2025-06-01 00:00:00,Science and Technology,1708745
2026-03-01 00:00:00,Elections,29695259
2023-06-01 00:00:00,Companies,1879
2025-09-01 00:00:00,Education,2488
2023-04-01 00:00:00,Transportation,3436
2025-08-01 00:00:00,Transportation,58909
2025-07-01 00:00:00,World,603881
2025-09-01 00:00:00,Health,187950
2024-10-01 00:00:00,Climate and Weather,3338197
2026-01-01 00:00:00,Climate and Weather,112782423
2026-03-01 00:00:00,Health,202868
2025-06-01 00:00:00,World,492033
2024-02-01 00:00:00,Economics,2587112
2026-02-01 00:00:00,Entertainment,278866322
2022-08-01 00:00:00,Science and Technology,9673
2023-05-01 00:00:00,Health,8061
2023-04-01 00:00:00,Science and Technology,7387
2024-11-01 00:00:00,Economics,4320956
2024-02-01 00:00:00,Entertainment,684357
2022-01-01 00:00:00,Health,1267326
2022-08-01 00:00:00,World,18634
2025-03-01 00:00:00,Crypto,31006618
2025-12-01 00:00:00,Science and Technology,23668373
2025-07-01 00:00:00,Crypto,61152496
2025-01-01 00:00:00,Sports,6810523
2022-12-01 00:00:00,Politics,335747
2024-04-01 00:00:00,Entertainment,1073239
2024-10-01 00:00:00,Entertainment,1047880
2025-03-01 00:00:00,World,29983
2023-08-01 00:00:00,Entertainment,172493
2025-04-01 00:00:00,Politics,36049662
2021-11-01 00:00:00,Health,417855
2023-06-01 00:00:00,Climate and Weather,494928
2025-10-01 00:00:00,Elections,23320457
2025-05-01 00:00:00,Politics,14751483
2023-03-01 00:00:00,Entertainment,170476
2025-10-01 00:00:00,Social,1034651
2026-04-01 00:00:00,Economics,52372062.56999998
2026-02-01 00:00:00,Exotics,90152295
2023-07-01 00:00:00,Financials,15340636
2022-10-01 00:00:00,Economics,1490737
2026-03-01 00:00:00,Climate and Weather,88888381
2025-04-01 00:00:00,Mentions,827209
2025-12-01 00:00:00,Education,159
2025-05-01 00:00:00,Economics,52900322
2025-05-01 00:00:00,Mentions,977797
2024-02-01 00:00:00,Financials,13162851
2021-09-01 00:00:00,Climate and Weather,653566
2024-03-01 00:00:00,Transportation,87226
2024-08-01 00:00:00,Climate and Weather,2228426
2022-04-01 00:00:00,Science and Technology,1553
2022-05-01 00:00:00,Transportation,31555
2025-07-01 00:00:00,Transportation,110255
2026-04-01 00:00:00,Sports,9909934622.470001
2021-10-01 00:00:00,Economics,81548
2021-12-01 00:00:00,Entertainment,38797
2023-02-01 00:00:00,Transportation,19914
2024-05-01 00:00:00,Health,17237
2025-02-01 00:00:00,Science and Technology,2396673
2025-01-01 00:00:00,Entertainment,17967467
2023-01-01 00:00:00,Politics,423864
2023-09-01 00:00:00,Companies,3839
2024-11-01 00:00:00,Crypto,68643529
2021-08-01 00:00:00,World,688092
2024-11-01 00:00:00,Politics,698430291
2021-10-01 00:00:00,Politics,530787
2025-11-01 00:00:00,Health,701092
2022-05-01 00:00:00,Economics,1013913
2026-02-01 00:00:00,Social,1752309
2023-01-01 00:00:00,Economics,903086
2024-01-01 00:00:00,Entertainment,530927
2023-09-01 00:00:00,Climate and Weather,635983
2026-03-01 00:00:00,Social,2766147
2022-10-01 00:00:00,Entertainment,0
2024-01-01 00:00:00,Economics,2670738
2025-04-01 00:00:00,Transportation,44026
2023-06-01 00:00:00,Politics,810620
2025-08-01 00:00:00,Companies,2390155
2025-07-01 00:00:00,Economics,59183986
2021-10-01 00:00:00,Transportation,112248
2025-02-01 00:00:00,Sports,36982301
2024-11-01 00:00:00,Financials,10631540
2024-02-01 00:00:00,Companies,102857
2026-04-01 00:00:00,Unknown,435689631.110001
2025-10-01 00:00:00,Climate and Weather,25098867
2024-09-01 00:00:00,Health,25668
2022-06-01 00:00:00,Politics,491539
2022-09-01 00:00:00,World,6472
2022-11-01 00:00:00,Science and Technology,3288
2023-09-01 00:00:00,Financials,13966675
2023-10-01 00:00:00,Health,27760
2023-01-01 00:00:00,Climate and Weather,646141
2023-10-01 00:00:00,Companies,2944
2024-11-01 00:00:00,Companies,1168142
2026-01-01 00:00:00,Sports,8519500734
2024-08-01 00:00:00,Economics,4712265
2026-02-01 00:00:00,Climate and Weather,91148612
2025-11-01 00:00:00,Education,107
2026-04-01 00:00:00,Transportation,40
2025-02-01 00:00:00,World,941280
